n,n_models,n_scaffolds,r2_full,eta_model,eta_scaffold,eta_resid,benchmark
18,10,2,0.608886743840582,0.5378705879523433,0.07101615588823867,0.39111325615941805,Online Mind2Web
28,12,3,0.8393611749792259,0.7365687503733106,0.10279242460591531,0.1606388250207741,SciCode
25,13,2,0.7618228103501908,0.6249924972041445,0.13683031314604627,0.23817718964980916,GAIA
37,18,3,0.9003836835929797,0.6929755367989909,0.20740814679398872,0.09961631640702029,CORE-bench Hard
25,13,2,0.7592718753951874,0.47992062522259743,0.27935125017258994,0.24072812460481263,SWE-bench Mini Verified
21,11,2,0.8028147050011728,0.4722164591604041,0.3305982458407687,0.1971852949988272,TAU-bench Airline
18,12,2,0.8405809329640942,0.49832409113174136,0.34225684183235283,0.1594190670359058,SciAgentBench
